3jgf54au;Uitwerken van media
ejrmg9k0;Leveren van expertise
bk6tdyom;Uitwerken van media
rzlvuvpf;Uitwerken van media
rzlvuvpf;Leveren van expertise
mywu9vho;Uitwerken van media
1o8fmb9o;Uitwerken van media
1o8fmb9o;Leveren van expertise
1o8fmb9o;Coachen en begeleiden
rbq8gi40;Uitwerken van media
c0viskp1;Uitwerken van media
1adu6cqb;Coachen en begeleiden
1ykebs43;Uitwerken van media
g7ve3bvi;Leveren van expertise
g7ve3bvi;Coachen en begeleiden
z93y05yu;Uitwerken van media
z93y05yu;Leveren van expertise
z93y05yu;Coachen en begeleiden
z6pp3zmr;Uitwerken van media
z6pp3zmr;Leveren van expertise
z6pp3zmr;Coachen en begeleiden
lxsnuz25;Coachen en begeleiden
ijs27m9g;Uitwerken van media
8k3a4j0s;Leveren van expertise
7cdt5p9q;Uitwerken van media
7cdt5p9q;Leveren van expertise
7cdt5p9q;Coachen en begeleiden
ubzqmdn1;Uitwerken van media
ubzqmdn1;Coachen en begeleiden
ndcjje2l;Uitwerken van media
ndcjje2l;Leveren van expertise
ndcjje2l;Coachen en begeleiden
ary7d6tr;Leveren van expertise