Video Opleiding PBA MZ;afstandsonderwijs
Video Opleiding PBA MZ;voorbeeld
Video Opleiding PBA VK;afstandsonderwijs
Video Opleiding PBA VK;voorbeeld
Video Opleiding PBA VRK;afstandsonderwijs
Video Opleiding PBA VRK;voorbeeld
Informatief filmpje Opleiding PBA TI;afstandsonderwijs
Informatief filmpje Opleiding PBA TI;voorbeeld
Day-In-The-Life-Of-Kleuterleerkracht-Video Opleiding PBA KO;afstandsonderwijs
Day-In-The-Life-Of-Kleuterleerkracht-Video Opleiding PBA KO;voorbeeld
Day-In-The-Life-Of-Kleuterleerkracht-Video Opleiding PBA KO;extra_materiaal
PostGreSQL Database VDAB-locaties;fysiek_onderwijs
PostGreSQL Database VDAB-locaties;voorbeeld
PostGreSQL Database VDAB-locaties;extra_materiaal
Template Krantenadvertentie Bakkerij Van Laer;voorbeeld
Eindresultaat TV-spotje Colruyt-keten;voorbeeld