r9473847;Uitwerken van media
r7492058;Leveren van expertise
r7492058;Coachen en begeleiden
r7390462;Uitwerken van media
r7390462;Leveren van expertise
r5739321;Uitwerken van media
r9403076;Leveren van expertise
r2730240;Leveren van expertise
r2730240;Uitwerken van media
r2488494;Coachen en begeleiden
r4292900;Coachen en begeleiden
r4292900;Uitwerken van media
r7949411;Coachen en begeleiden
r6842901;Uitwerken van media
r6842901;Coachen en begeleiden
r7480472;Coachen en begeleiden
r2840932;Uitwerken van media
r2840932;Coachen en begeleiden
r4829493;Leveren van expertise
r0483942;Coachen en begeleiden
r1949503;Coachen en begeleiden
r3824842;Uitwerken van media
r0038998;Uitwerken van media
r8472481;Uitwerken van media
r8472481;Coachen en begeleiden
r6839555;Coachen en begeleiden
r2424000;Leveren van expertise
