Uitwerken van media;3jgf54au;140.75;60;45bhth7d;16U
Leveren van expertise;ejrmg9k0;175.20;82;0ykktad6;18L
Uitwerken van media;bk6tdyom;101.10;64;w2djrglf;22U
Uitwerken van media;1o8fmb9o;90.60;82;nshlbaje;15U
Leveren van expertise;1o8fmb9o;134.80;48;lqze8czd;15L
Coachen en begeleiden;1o8fmb9o;156.10;57;jmb4pur6;15C
Uitwerken van media;rbq8gi40;143.05;92;auin5jw7;16U
Coachen en begeleiden;1adu6cqb;120.90;76;eiv5iit3;14C
Uitwerken van media;1ykebs43;167.75;72;oc3jrkr8;20U
Leveren van expertise;g7ve3bvi;130.45;56;szi1x4a7;20L
Coachen en begeleiden;g7ve3bvi;123.50;49;1dd1ht2w;20C
Uitwerken van media;z6pp3zmr;180.60;85;zf0qe6xj;21U
Coachen en begeleiden;z6pp3zmr;76.40;54;q53zjp3a;21C
Leveren van expertise;z6pp3zmr;89.50;58;51xthytv;21L
Coachen en begeleiden;lxsnuz25;84.90;67;ljybifkn;21C
Uitwerken van media;ijs27m9g;92.25;62;ueuhdsdd;20U
Leveren van expertise;8k3a4j0s;109.80;50;z1f1t9oq;21L
Uitwerken van media;ubzqmdn1;190.60;105;njip0rto;17U
Coachen en begeleiden;ubzqmdn1;115.50;71;p4ioz8x0;17C
Uitwerken van media;ndcjje2l;170.75;83;nymfalc2;15U
Coachen en begeleiden;ndcjje2l;97.25;54;4lk4ydo4;15C
Leveren van expertise;ndcjje2l;95.20;67;a5bjrnv8;15L